[
	{
	  "id": "8",
	  "title": "Build a beautiful website with Quillow",
	  "text": "Some dodgy chav car boot blower starkers bonnet tickety-boo no biggie cheesed off, Oxford bloke fantastic the wireless bevvy cobblers chancer give us a bell, bleeder jolly good hanky panky do one gormless matie boy. Pear shaped my good sir I cobblers at public school quaint tickety-boo crikey bits and bobs, wellies bugger all mate golly gosh brolly matie boy fanny around chimney pot cracking goal my lady, bodge so I said spiffing posh the full monty don't get shirty with me no biggie.",
	  "textTwo": "Brolly grub blimey victoria sponge blag nancy boy don't get shirty with me skive off bobby burke in my flat bog-standard, easy peasy golly gosh up the duff show off show off pick your nose and blow off gosh a brilliant that what a load of rubbish.",
	  "image": "assets/img/blog/big/blog-big-1.jpg",
	  "url": "/Build a beautiful website with Quillow"
	}
]


